Symbol,Description,Portfolio Weight,Shares Held,Market Value
MSFT,Microsoft Corp,7.24%,88.0M,$36.3B
AAPL,Apple Inc,5.77%,172.0M,$28.9B
NVDA,NVIDIA Corp,4.91%,29.3M,$24.6B
AMZN,Amazon.com Inc,3.92%,108.3M,$19.6B
META,Meta Platforms Inc Class A,2.57%,26.1M,$12.9B
GOOGL,Alphabet Inc Class A,2.17%,69.8M,$10.9B
LLY,Eli Lilly and Co,1.42%,9.4M,$7.1B
AVGO,Broadcom Inc,1.34%,5.2M,$6.7B
JPM,JPMorgan Chase & Co,1.23%,34.2M,$6.2B
XOM,Exxon Mobil Corp,1.11%,47.0M,$5.6B
UNH,UnitedHealth Group Inc,1.05%,11.0M,$5.2B
TSLA,Tesla Inc,1.02%,32.8M,$5.1B
V,Visa Inc Class A,1.02%,18.7M,$5.1B
MA,Mastercard Inc Class A,0.90%,9.8M,$4.5B
PG,Procter & Gamble Co,0.87%,27.9M,$4.4B
JNJ,Johnson & Johnson,0.82%,28.5M,$4.1B
HD,The Home Depot Inc,0.78%,11.8M,$3.9B
COST,Costco Wholesale Corp,0.75%,5.3M,$3.8B
MRK,Merck & Co Inc,0.75%,30.0M,$3.8B
ABBV,AbbVie Inc,0.69%,20.9M,$3.4B
CVX,Chevron Corp,0.64%,20.5M,$3.2B
NFLX,Netflix Inc,0.63%,5.1M,$3.1B
CRM,Salesforce Inc,0.63%,11.5M,$3.2B
WMT,Walmart Inc,0.60%,50.7M,$3.0B
AMD,Advanced Micro Devices Inc,0.59%,19.1M,$2.9B
BAC,Bank of America Corp,0.57%,81.5M,$2.9B
PEP,PepsiCo Inc,0.55%,16.3M,$2.8B
KO,Coca-Cola Co,0.54%,46.1M,$2.7B
ADBE,Adobe Inc,0.51%,5.4M,$2.5B
LIN,Linde PLC,0.51%,5.7M,$2.6B
TMO,Thermo Fisher Scientific Inc,0.50%,4.6M,$2.5B
WFC,Wells Fargo & Co,0.49%,42.6M,$2.4B
DIS,The Walt Disney Co,0.49%,21.7M,$2.4B
ACN,Accenture PLC Class A,0.47%,7.4M,$2.3B
MCD,McDonald's Corp,0.46%,8.6M,$2.3B
CSCO,Cisco Systems Inc,0.46%,48.1M,$2.3B
ORCL,Oracle Corp,0.45%,18.9M,$2.2B
QCOM,Qualcomm Inc,0.43%,13.2M,$2.2B
CAT,Caterpillar Inc,0.43%,6.0M,$2.2B
ABT,Abbott Laboratories,0.43%,20.5M,$2.2B
INTU,Intuit Inc,0.41%,3.3M,$2.0B
IBM,International Business Machines Corp,0.40%,10.8M,$2.0B
GE,GE Aerospace,0.40%,12.9M,$2.0B
VZ,Verizon Communications Inc,0.40%,49.8M,$2.0B
AMAT,Applied Materials Inc,0.39%,9.9M,$2.0B
CMCSA,Comcast Corp Class A,0.37%,46.9M,$1.8B
DHR,Danaher Corp,0.37%,7.8M,$1.9B
COP,ConocoPhillips,0.36%,14.0M,$1.8B
INTC,Intel Corp,0.36%,50.1M,$1.8B
TXN,Texas Instruments Inc,0.36%,10.8M,$1.8B
NOW,ServiceNow Inc,0.36%,2.4M,$1.8B
UBER,Uber Technologies Inc,0.35%,24.4M,$1.8B
PFE,Pfizer Inc,0.34%,66.9M,$1.7B
PM,Philip Morris International Inc,0.33%,18.4M,$1.7B
UNP,Union Pacific Corp,0.33%,7.2M,$1.7B
AMGN,Amgen Inc,0.33%,6.3M,$1.7B
RTX,RTX Corp,0.32%,15.7M,$1.6B
SPGI,S&P Global Inc,0.31%,3.8M,$1.6B
NEE,NextEra Energy Inc,0.31%,24.3M,$1.5B
LOW,Lowe's Companies Inc,0.31%,6.8M,$1.6B
ISRG,Intuitive Surgical Inc,0.31%,4.2M,$1.6B
GS,The Goldman Sachs Group Inc,0.31%,3.9M,$1.6B
HON,Honeywell International Inc,0.30%,7.8M,$1.5B
MU,Micron Technology Inc,0.30%,13.1M,$1.5B
PGR,Progressive Corp,0.29%,6.9M,$1.4B
ETN,Eaton Corp PLC,0.29%,4.7M,$1.5B
AXP,American Express Co,0.29%,6.8M,$1.5B
ELV,Elevance Health Inc,0.28%,2.8M,$1.4B
BKNG,Booking Holdings Inc,0.28%,413.2K,$1.4B
LRCX,Lam Research Corp,0.28%,1.6M,$1.4B
T,AT&T Inc,0.27%,84.7M,$1.4B
SYK,Stryker Corp,0.27%,4.0M,$1.3B
NKE,Nike Inc Class B,0.27%,14.4M,$1.4B
MS,Morgan Stanley,0.27%,14.8M,$1.3B
SCHW,Charles Schwab Corp,0.26%,17.6M,$1.3B
C,Citigroup Inc,0.26%,22.5M,$1.3B
BLK,BlackRock Inc,0.25%,1.7M,$1.2B
TJX,TJX Companies Inc,0.25%,13.5M,$1.3B
MDT,Medtronic PLC,0.25%,15.8M,$1.2B
UPS,United Parcel Service Inc Class B,0.24%,8.6M,$1.2B
VRTX,Vertex Pharmaceuticals Inc,0.24%,3.1M,$1.2B
BSX,Boston Scientific Corp,0.24%,17.3M,$1.2B
ADP,Automatic Data Processing Inc,0.24%,4.9M,$1.2B
DE,Deere & Co,0.24%,3.1M,$1.2B
CI,The Cigna Group,0.24%,3.5M,$1.2B
BA,Boeing Co,0.23%,6.8M,$1.2B
BMY,Bristol-Myers Squibb Co,0.23%,24.1M,$1.2B
LMT,Lockheed Martin Corp,0.23%,2.5M,$1.2B
CB,Chubb Ltd,0.23%,4.8M,$1.2B
SBUX,Starbucks Corp,0.23%,13.4M,$1.2B
PLD,Prologis Inc,0.23%,10.9M,$1.2B
REGN,Regeneron Pharmaceuticals Inc,0.23%,1.3M,$1.1B
MMC,Marsh & McLennan Companies Inc,0.23%,5.8M,$1.2B
ADI,Analog Devices Inc,0.22%,5.9M,$1.1B
BX,Blackstone Inc,0.21%,8.5M,$1.0B
KLAC,KLA Corp,0.21%,1.6M,$1.1B
FI,Fiserv Inc,0.21%,7.1M,$1.0B
MDLZ,Mondelez International Inc Class A,0.21%,16.0M,$1.1B
PANW,Palo Alto Networks Inc,0.21%,3.7M,$1.0B
TMUS,T-Mobile US Inc,0.20%,6.2M,$990.5M
GILD,Gilead Sciences Inc,0.20%,14.8M,$987.4M
CVS,CVS Health Corp,0.20%,14.9M,$1.0B
CDNS,Cadence Design Systems Inc,0.19%,3.2M,$946.1M
CMG,Chipotle Mexican Grill Inc,0.19%,324.9K,$943.0M
AMT,American Tower Corp,0.19%,5.5M,$949.5M
SNPS,Synopsys Inc,0.19%,1.8M,$950.2M
WM,Waste Management Inc,0.18%,4.3M,$894.7M
TGT,Target Corp,0.18%,5.5M,$898.7M
SO,Southern Co,0.18%,12.9M,$901.5M
MPC,Marathon Petroleum Corp,0.18%,4.4M,$882.6M
CME,CME Group Inc Class A,0.18%,4.3M,$888.7M
EOG,EOG Resources Inc,0.18%,6.9M,$913.7M
ICE,Intercontinental Exchange Inc,0.18%,6.8M,$886.0M
DUK,Duke Energy Corp,0.17%,9.1M,$862.3M
FCX,Freeport-McMoRan Inc,0.17%,17.0M,$846.1M
CL,Colgate-Palmolive Co,0.17%,9.7M,$845.7M
MO,Altria Group Inc,0.17%,20.9M,$860.6M
SLB,Schlumberger Ltd,0.17%,16.9M,$856.7M
SHW,Sherwin-Williams Co,0.17%,2.8M,$864.8M
PH,Parker Hannifin Corp,0.16%,1.5M,$822.3M
PYPL,PayPal Holdings Inc,0.16%,12.8M,$807.5M
PSX,Phillips 66,0.16%,5.1M,$801.1M
MCK,McKesson Corp,0.16%,1.6M,$818.8M
ZTS,Zoetis Inc Class A,0.16%,5.4M,$826.0M
TDG,TransDigm Group Inc,0.16%,655.1K,$802.9M
TT,Trane Technologies PLC Class A,0.16%,2.7M,$792.5M
APH,Amphenol Corp Class A,0.16%,7.1M,$787.8M
ABNB,Airbnb Inc Ordinary Shares - Class A,0.16%,5.1M,$815.3M
BDX,Becton Dickinson & Co,0.16%,3.4M,$797.7M
CSX,CSX Corp,0.16%,23.4M,$799.3M
EQIX,Equinix Inc,0.16%,1.1M,$814.9M
ITW,Illinois Tool Works Inc,0.16%,3.2M,$808.8M
HCA,HCA Healthcare Inc,0.15%,2.3M,$729.5M
EMR,Emerson Electric Co,0.15%,6.8M,$741.2M
GD,General Dynamics Corp,0.15%,2.7M,$761.6M
ANET,Arista Networks Inc,0.15%,3.0M,$771.5M
USB,U.S. Bancorp,0.15%,18.4M,$728.5M
ORLY,O'Reilly Automotive Inc,0.15%,700.5K,$766.9M
NOC,Northrop Grumman Corp,0.15%,1.7M,$758.6M
PXD,Pioneer Natural Resources Co,0.15%,2.8M,$740.1M
PCAR,PACCAR Inc,0.14%,6.2M,$718.0M
PNC,PNC Financial Services Group Inc,0.14%,4.7M,$694.5M
MCO,Moody's Corporation,0.14%,1.9M,$699.5M
MAR,Marriott International Inc Class A,0.14%,2.9M,$696.5M
AON,Aon PLC Class A,0.14%,2.4M,$722.5M
NXPI,NXP Semiconductors NV,0.14%,3.1M,$692.5M
CTAS,Cintas Corp,0.14%,1.0M,$684.9M
CEG,Constellation Energy Corp,0.14%,3.8M,$701.1M
FDX,FedEx Corp,0.14%,2.7M,$720.3M
EW,Edwards Lifesciences Corp,0.13%,7.2M,$626.5M
ECL,Ecolab Inc,0.13%,3.0M,$658.8M
VLO,Valero Energy Corp,0.13%,4.0M,$674.3M
MSI,Motorola Solutions Inc,0.13%,2.0M,$669.2M
NSC,Norfolk Southern Corp,0.13%,2.7M,$640.8M
ROP,Roper Technologies Inc,0.13%,1.3M,$662.7M
MMM,3M Co,0.12%,6.5M,$595.5M
WELL,Welltower Inc,0.12%,6.6M,$588.2M
GM,General Motors Co,0.12%,13.7M,$580.7M
AJG,Arthur J. Gallagher & Co,0.12%,2.6M,$588.0M
HLT,Hilton Worldwide Holdings Inc,0.12%,3.0M,$599.0M
DXCM,DexCom Inc,0.12%,4.6M,$612.3M
COF,Capital One Financial Corp,0.12%,4.5M,$616.8M
AZO,AutoZone Inc,0.12%,204.7K,$601.6M
APD,Air Products & Chemicals Inc,0.12%,2.6M,$603.1M
AIG,American International Group Inc,0.12%,8.3M,$603.3M
ADSK,Autodesk Inc,0.11%,2.5M,$543.9M
CARR,Carrier Global Corp Ordinary Shares,0.11%,9.9M,$538.9M
CPRT,Copart Inc,0.11%,10.3M,$557.0M
F,Ford Motor Co,0.11%,46.6M,$560.9M
WMB,Williams Companies Inc,0.11%,14.4M,$543.2M
TRV,The Travelers Companies Inc,0.11%,2.7M,$558.6M
TFC,Truist Financial Corp,0.11%,15.8M,$561.8M
ROST,Ross Stores Inc,0.11%,4.0M,$532.4M
SPG,Simon Property Group Inc,0.11%,3.9M,$544.4M
SMCI,Super Micro Computer Inc,0.11%,596.4K,$572.6M
OKE,ONEOK Inc,0.11%,6.9M,$536.5M
NEM,Newmont Corp,0.11%,13.7M,$526.9M
NUE,Nucor Corp,0.11%,2.9M,$561.1M
MCHP,Microchip Technology Inc,0.11%,6.4M,$545.0M
MET,MetLife Inc,0.10%,7.3M,$501.2M
MSCI,MSCI Inc,0.10%,937.1K,$479.6M
OXY,Occidental Petroleum Corp,0.10%,7.8M,$515.8M
O,Realty Income Corp,0.10%,9.8M,$504.3M
PSA,Public Storage,0.10%,1.9M,$491.0M
SRE,Sempra,0.10%,7.5M,$506.5M
URI,United Rentals Inc,0.10%,802.4K,$510.5M
TEL,TE Connectivity Ltd,0.10%,3.7M,$520.5M
JCI,Johnson Controls International PLC,0.10%,8.1M,$513.4M
FTNT,Fortinet Inc,0.10%,7.5M,$487.9M
FIS,Fidelity National Information Services I...,0.10%,7.0M,$494.0M
DLR,Digital Realty Trust Inc,0.10%,3.6M,$487.0M
D,Dominion Energy Inc,0.10%,9.9M,$478.8M
HES,Hess Corp,0.10%,3.3M,$493.8M
GWW,W.W. Grainger Inc,0.10%,522.9K,$496.7M
IQV,IQVIA Holdings Inc,0.10%,2.2M,$493.0M
KMB,Kimberly-Clark Corp,0.10%,4.0M,$504.0M
CCI,Crown Castle Inc,0.10%,5.1M,$478.3M
DHI,D.R. Horton Inc,0.10%,3.6M,$519.9M
STZ,Constellation Brands Inc Class A,0.10%,1.9M,$492.3M
BK,Bank of New York Mellon Corp,0.10%,9.0M,$489.9M
ALL,Allstate Corp,0.10%,3.1M,$505.1M
AMP,Ameriprise Financial Inc,0.10%,1.2M,$493.2M
AME,AMETEK Inc,0.10%,2.7M,$486.3M
AEP,American Electric Power Co Inc,0.10%,6.2M,$505.8M
AFL,Aflac Inc,0.10%,6.3M,$505.2M
A,Agilent Technologies Inc,0.09%,3.5M,$466.1M
COR,Cencora Inc,0.09%,2.0M,$471.2M
CMI,Cummins Inc,0.09%,1.6M,$470.1M
FANG,Diamondback Energy Inc,0.09%,2.1M,$426.7M
CTVA,Corteva Inc,0.09%,8.3M,$446.6M
CNC,Centene Corp,0.09%,6.3M,$455.4M
LHX,L3Harris Technologies Inc,0.09%,2.2M,$451.9M
KR,The Kroger Co,0.09%,7.7M,$427.9M
IR,Ingersoll Rand Inc,0.09%,4.8M,$429.6M
HUM,Humana Inc,0.09%,1.5M,$471.5M
IDXX,IDEXX Laboratories Inc,0.09%,984.6K,$470.9M
DOW,Dow Inc,0.09%,8.3M,$471.9M
EXC,Exelon Corp,0.09%,11.8M,$429.6M
FAST,Fastenal Co,0.09%,6.8M,$463.7M
GEV,GE Vernova Inc,0.09%,3.2M,$434.1M
GEHC,GE HealthCare Technologies Inc Common St...,0.09%,5.0M,$427.7M
GIS,General Mills Inc,0.09%,6.7M,$460.9M
SYY,Sysco Corp,0.09%,6.0M,$450.3M
YUM,Yum Brands Inc,0.09%,3.3M,$458.2M
RSG,Republic Services Inc,0.09%,2.4M,$457.5M
PRU,Prudential Financial Inc,0.09%,4.3M,$458.8M
PAYX,Paychex Inc,0.09%,3.8M,$453.7M
ODFL,Old Dominion Freight Line Inc Ordinary S...,0.09%,2.1M,$446.6M
OTIS,Otis Worldwide Corp Ordinary Shares,0.09%,4.8M,$460.1M
LULU,Lululemon Athletica Inc,0.09%,1.4M,$470.1M
MLM,Martin Marietta Materials Inc,0.09%,732.5K,$434.3M
LEN,Lennar Corp Class A,0.09%,3.0M,$449.7M
MNST,Monster Beverage Corp,0.09%,8.7M,$474.5M
MRNA,Moderna Inc,0.08%,3.9M,$405.8M
PCG,PG&E Corp,0.08%,25.3M,$415.5M
PEG,Public Service Enterprise Group Inc,0.08%,5.9M,$383.7M
PWR,Quanta Services Inc,0.08%,1.7M,$423.6M
ROK,Rockwell Automation Inc,0.08%,1.4M,$378.7M
VMC,Vulcan Materials Co,0.08%,1.6M,$406.7M
VRSK,Verisk Analytics Inc,0.08%,1.7M,$382.0M
ACGL,Arch Capital Group Ltd,0.08%,4.4M,$398.1M
GPN,Global Payments Inc,0.08%,3.1M,$379.3M
IT,Gartner Inc,0.08%,922.8K,$414.6M
DVN,Devon Energy Corp,0.08%,7.6M,$392.7M
HAL,Halliburton Co,0.08%,10.6M,$403.1M
KMI,Kinder Morgan Inc Class P,0.08%,22.9M,$406.7M
EL,The Estee Lauder Companies Inc Class A,0.08%,2.8M,$380.3M
KVUE,Kenvue Inc,0.08%,20.4M,$393.6M
KDP,Keurig Dr Pepper Inc,0.08%,12.3M,$381.0M
CDW,CDW Corp,0.08%,1.6M,$376.0M
CSGP,CoStar Group Inc,0.08%,4.8M,$412.7M
CTSH,Cognizant Technology Solutions Corp Clas...,0.08%,5.9M,$400.9M
BKR,Baker Hughes Co Class A,0.08%,11.9M,$380.8M
ADM,Archer-Daniels Midland Co,0.08%,6.3M,$381.6M
ANSS,Ansys Inc,0.07%,1.0M,$334.9M
BIIB,Biogen Inc,0.07%,1.7M,$329.5M
ED,Consolidated Edison Inc,0.07%,4.1M,$369.7M
DAL,Delta Air Lines Inc,0.07%,7.6M,$365.1M
KHC,The Kraft Heinz Co,0.07%,9.4M,$347.8M
HIG,The Hartford Financial Services Group In...,0.07%,3.6M,$341.0M
DFS,Discover Financial Services,0.07%,3.0M,$355.5M
DG,Dollar General Corp,0.07%,2.6M,$375.6M
DD,DuPont de Nemours Inc,0.07%,5.1M,$372.1M
EA,Electronic Arts Inc,0.07%,2.9M,$366.0M
EFX,Equifax Inc,0.07%,1.5M,$345.5M
EXR,Extra Space Storage Inc,0.07%,2.5M,$340.7M
FICO,Fair Isaac Corp,0.07%,292.7K,$337.6M
FTV,Fortive Corp,0.07%,4.2M,$334.1M
RCL,Royal Caribbean Group,0.07%,2.8M,$357.8M
VICI,VICI Properties Inc Ordinary Shares,0.07%,12.2M,$333.2M
WST,West Pharmaceutical Services Inc,0.07%,876.3K,$330.7M
XEL,Xcel Energy Inc,0.07%,6.5M,$345.7M
XYL,Xylem Inc,0.07%,2.8M,$357.6M
PPG,PPG Industries Inc,0.07%,2.8M,$375.4M
ON,ON Semiconductor Corp,0.07%,5.1M,$328.8M
MPWR,Monolithic Power Systems Inc,0.07%,566.7K,$361.4M
MTD,Mettler-Toledo International Inc,0.06%,256.8K,$307.6M
NVR,NVR Inc,0.06%,37.7K,$289.1M
TRGP,Targa Resources Corp,0.06%,2.6M,$296.3M
RMD,ResMed Inc,0.06%,1.7M,$302.4M
TROW,T. Rowe Price Group Inc,0.06%,2.6M,$294.7M
ZBH,Zimmer Biomet Holdings Inc,0.06%,2.5M,$300.7M
WEC,WEC Energy Group Inc,0.06%,3.7M,$297.7M
WAB,Westinghouse Air Brake Technologies Corp,0.06%,2.1M,$307.1M
TSCO,Tractor Supply Co,0.06%,1.3M,$316.7M
LYB,LyondellBasell Industries NV Class A,0.06%,3.0M,$300.3M
WTW,Willis Towers Watson PLC,0.06%,1.2M,$316.9M
FITB,Fifth Third Bancorp,0.06%,8.1M,$275.5M
EBAY,eBay Inc,0.06%,6.1M,$303.9M
DOV,Dover Corp,0.06%,1.7M,$281.0M
EIX,Edison International,0.06%,4.5M,$308.6M
DLTR,Dollar Tree Inc,0.06%,2.5M,$305.9M
HPQ,HP Inc,0.06%,10.3M,$284.6M
HSY,The Hershey Co,0.06%,1.8M,$324.4M
HWM,Howmet Aerospace Inc,0.06%,4.6M,$294.2M
KEYS,Keysight Technologies Inc,0.06%,2.1M,$315.2M
GLW,Corning Inc,0.06%,9.1M,$280.5M
CHTR,Charter Communications Inc Class A,0.06%,1.2M,$301.9M
CBRE,CBRE Group Inc Class A,0.06%,3.5M,$300.0M
CHD,Church & Dwight Co Inc,0.06%,2.9M,$300.2M
CAH,Cardinal Health Inc,0.06%,2.9M,$310.7M
AVB,AvalonBay Communities Inc,0.06%,1.7M,$300.7M
BALL,Ball Corp,0.05%,3.7M,$237.8M
BR,Broadridge Financial Solutions Inc,0.05%,1.4M,$269.7M
AXON,Axon Enterprise Inc,0.05%,835.8K,$250.6M
BAX,Baxter International Inc,0.05%,6.0M,$237.2M
AWK,American Water Works Co Inc,0.05%,2.3M,$264.9M
STE,Steris PLC,0.05%,1.2M,$234.4M
ALGN,Align Technology Inc,0.05%,844.2K,$253.4M
BLDR,Builders FirstSource Inc,0.05%,1.5M,$262.0M
CTRA,Coterra Energy Inc Ordinary Shares,0.05%,8.9M,$242.4M
CPAY,Corpay Inc,0.05%,855.0K,$253.3M
DTE,DTE Energy Co,0.05%,2.4M,$257.2M
DECK,Deckers Outdoor Corp,0.05%,304.0K,$249.0M
IRM,Iron Mountain Inc,0.05%,3.5M,$259.8M
INVH,Invitation Homes Inc,0.05%,6.8M,$225.6M
HUBB,Hubbell Inc,0.05%,634.7K,$248.2M
IFF,International Flavors & Fragrances Inc,0.05%,3.0M,$250.8M
HPE,Hewlett Packard Enterprise Co,0.05%,15.2M,$258.8M
ETR,Entergy Corp,0.05%,2.5M,$258.7M
ES,Eversource Energy,0.05%,4.1M,$242.3M
EQR,Equity Residential,0.05%,4.1M,$244.9M
FSLR,First Solar Inc,0.05%,1.3M,$225.6M
FE,FirstEnergy Corp,0.05%,6.1M,$229.3M
GPC,Genuine Parts Co,0.05%,1.7M,$239.4M
GRMN,Garmin Ltd,0.05%,1.8M,$256.1M
ULTA,Ulta Beauty Inc,0.05%,582.8K,$247.4M
VLTO,Veralto Corp,0.05%,2.6M,$235.3M
WDC,Western Digital Corp,0.05%,3.8M,$266.4M
WY,Weyerhaeuser Co,0.05%,8.7M,$272.7M
APTV,Aptiv PLC,0.05%,3.4M,$232.7M
PHM,PulteGroup Inc,0.05%,2.6M,$270.9M
TTWO,Take-Two Interactive Software Inc,0.05%,1.9M,$268.3M
STT,State Street Corporation,0.05%,3.7M,$265.9M
STLD,Steel Dynamics Inc,0.05%,1.8M,$250.2M
SBAC,SBA Communications Corp Class A,0.05%,1.3M,$250.6M
RJF,Raymond James Financial Inc,0.05%,2.2M,$272.0M
NDAQ,Nasdaq Inc,0.05%,4.5M,$270.1M
NTAP,NetApp Inc,0.05%,2.5M,$249.4M
PPL,PPL Corp,0.05%,8.7M,$229.9M
PTC,PTC Inc,0.05%,1.4M,$250.3M
MOH,Molina Healthcare Inc,0.05%,688.4K,$247.7M
MTB,M&T Bank Corp,0.05%,2.0M,$273.4M
MRO,Marathon Oil Corp,0.04%,6.9M,$191.8M
MKC,McCormick & Co Inc Registered Shs Non Vt...,0.04%,3.0M,$215.0M
MAS,Masco Corp,0.04%,2.7M,$193.0M
PKG,Packaging Corp of America,0.04%,1.1M,$189.4M
OMC,Omnicom Group Inc,0.04%,2.3M,$216.7M
NTRS,Northern Trust Corp,0.04%,2.5M,$199.4M
NRG,NRG Energy Inc,0.04%,2.7M,$196.3M
SWKS,Skyworks Solutions Inc,0.04%,1.9M,$186.2M
LUV,Southwest Airlines Co,0.04%,7.1M,$202.9M
SNA,Snap-on Inc,0.04%,627.1K,$177.8M
TDY,Teledyne Technologies Inc,0.04%,557.4K,$223.1M
RF,Regions Financial Corp,0.04%,11.0M,$207.7M
PFG,Principal Financial Group Inc,0.04%,2.6M,$203.8M
EG,Everest Group Ltd,0.04%,511.1K,$182.5M
WAT,Waters Corp,0.04%,701.0K,$213.2M
WBD,Warner Bros. Discovery Inc Ordinary Shar...,0.04%,26.3M,$216.3M
VRSN,VeriSign Inc,0.04%,1.1M,$190.9M
UAL,United Airlines Holdings Inc,0.04%,3.9M,$189.2M
VTR,Ventas Inc,0.04%,4.8M,$200.9M
TYL,Tyler Technologies Inc,0.04%,494.7K,$199.3M
TSN,Tyson Foods Inc Class A,0.04%,3.4M,$198.2M
TXT,Textron Inc,0.04%,2.3M,$214.0M
TER,Teradyne Inc,0.04%,1.8M,$184.8M
SYF,Synchrony Financial,0.04%,4.9M,$194.3M
BG,Bunge Global SA,0.04%,1.7M,$181.3M
STX,Seagate Technology Holdings PLC,0.04%,2.3M,$192.7M
FDS,FactSet Research Systems Inc,0.04%,449.9K,$193.1M
ESS,Essex Property Trust Inc,0.04%,760.9K,$177.0M
EXPE,Expedia Group Inc,0.04%,1.6M,$203.2M
EXPD,Expeditors International of Washington I...,0.04%,1.7M,$196.8M
ENPH,Enphase Energy Inc,0.04%,1.6M,$181.1M
DPZ,Domino's Pizza Inc,0.04%,413.1K,$199.1M
EQT,EQT Corp,0.04%,4.9M,$175.5M
HOLX,Hologic Inc,0.04%,2.8M,$208.3M
ILMN,Illumina Inc,0.04%,1.9M,$221.0M
IEX,IDEX Corp,0.04%,891.2K,$202.1M
HBAN,Huntington Bancshares Inc,0.04%,17.0M,$223.4M
JBL,Jabil Inc,0.04%,1.5M,$196.4M
J,Jacobs Solutions Inc,0.04%,1.5M,$213.6M
K,Kellanova Co,0.04%,3.1M,$175.4M
LVS,Las Vegas Sands Corp,0.04%,4.4M,$219.8M
LDOS,Leidos Holdings Inc,0.04%,1.6M,$200.9M
LH,Laboratory Corp of America Holdings,0.04%,1.0M,$201.0M
DRI,Darden Restaurants Inc,0.04%,1.4M,$217.9M
CFG,Citizens Financial Group Inc,0.04%,5.5M,$182.3M
CLX,Clorox Co,0.04%,1.5M,$209.2M
COO,The Cooper Companies Inc,0.04%,2.3M,$210.8M
CMS,CMS Energy Corp,0.04%,3.5M,$201.7M
CBOE,Cboe Global Markets Inc,0.04%,1.3M,$221.3M
BRO,Brown & Brown Inc,0.04%,2.8M,$225.3M
CF,CF Industries Holdings Inc,0.04%,2.3M,$176.0M
CE,Celanese Corp Class A,0.04%,1.2M,$182.2M
CINF,Cincinnati Financial Corp,0.04%,1.9M,$214.5M
CNP,CenterPoint Energy Inc,0.04%,7.5M,$207.4M
ARE,Alexandria Real Estate Equities Inc,0.04%,1.8M,$215.2M
AKAM,Akamai Technologies Inc,0.04%,1.8M,$179.2M
AEE,Ameren Corp,0.04%,3.1M,$221.0M
WRB,WR Berkley Corp,0.04%,2.4M,$194.8M
ATO,Atmos Energy Corp,0.04%,1.8M,$201.9M
AVY,Avery Dennison Corp,0.04%,956.3K,$199.8M
BBY,Best Buy Co Inc,0.03%,2.3M,$175.1M
ALB,Albemarle Corp,0.03%,1.4M,$159.1M
LNT,Alliant Energy Corp,0.03%,3.0M,$144.6M
AES,The AES Corp,0.03%,7.9M,$128.2M
CRL,Charles River Laboratories International...,0.03%,604.3K,$139.0M
KMX,CarMax Inc,0.03%,1.9M,$128.6M
CCL,Carnival Corp,0.03%,11.9M,$168.3M
CAG,Conagra Brands Inc,0.03%,5.6M,$170.3M
LW,Lamb Weston Holdings Inc,0.03%,1.7M,$136.7M
LKQ,LKQ Corp,0.03%,3.2M,$152.1M
L,Loews Corp,0.03%,2.2M,$158.5M
LYV,Live Nation Entertainment Inc,0.03%,1.7M,$154.3M
JNPR,Juniper Networks Inc,0.03%,3.8M,$137.8M
KEY,KeyCorp,0.03%,11.1M,$160.1M
KIM,Kimco Realty Corp,0.03%,7.9M,$138.9M
HII,Huntington Ingalls Industries Inc,0.03%,471.1K,$127.8M
JBHT,JB Hunt Transport Services Inc,0.03%,965.9K,$162.4M
PODD,Insulet Corp,0.03%,827.4K,$137.6M
IP,International Paper Co,0.03%,4.1M,$143.8M
IPG,The Interpublic Group of Companies Inc,0.03%,4.5M,$137.6M
HST,Host Hotels & Resorts Inc,0.03%,8.4M,$156.5M
DOC,Healthpeak Properties Inc,0.03%,8.4M,$151.4M
JKHY,Jack Henry & Associates Inc,0.03%,864.5K,$142.4M
EMN,Eastman Chemical Co,0.03%,1.4M,$134.9M
EPAM,EPAM Systems Inc,0.03%,678.5K,$169.0M
EVRG,Evergy Inc,0.03%,2.7M,$137.9M
FFIV,F5 Inc,0.03%,703.2K,$127.5M
PNR,Pentair PLC,0.03%,1.9M,$153.9M
UDR,UDR Inc,0.03%,3.6M,$127.1M
TRMB,Trimble Inc,0.03%,2.9M,$172.4M
VTRS,Viatris Inc,0.03%,14.2M,$157.9M
WBA,Walgreens Boots Alliance Inc,0.03%,8.5M,$150.2M
WRK,WestRock Co,0.03%,3.0M,$142.1M
ALLE,Allegion PLC,0.03%,1.0M,$130.8M
AMCR,Amcor PLC Ordinary Shares,0.03%,17.1M,$151.1M
ZBRA,Zebra Technologies Corp Class A,0.03%,607.9K,$167.9M
POOL,Pool Corp,0.03%,458.0K,$166.8M
RVTY,Revvity Inc,0.03%,1.5M,$146.9M
QRVO,Qorvo Inc,0.03%,1.2M,$127.0M
DGX,Quest Diagnostics Inc,0.03%,1.3M,$167.7M
SWK,Stanley Black & Decker Inc,0.03%,1.8M,$162.8M
AOS,A.O. Smith Corp,0.03%,1.5M,$125.8M
SJM,JM Smucker Co,0.03%,1.2M,$133.3M
ROL,Rollins Inc,0.03%,3.3M,$142.9M
NI,NiSource Inc,0.03%,4.8M,$130.1M
NDSN,Nordson Corp,0.03%,638.3K,$166.5M
GEN,Gen Digital Inc,0.03%,6.7M,$136.0M
MGM,MGM Resorts International,0.03%,3.2M,$136.0M
TAP,Molson Coors Beverage Co Shs -B- Non-Vot...,0.03%,2.2M,$139.8M
MAA,Mid-America Apartment Communities Inc,0.03%,1.4M,$171.4M
MKTX,MarketAxess Holdings Inc,0.02%,445.1K,$89.9M
MTCH,Match Group Inc,0.02%,3.2M,$103.9M
MOS,The Mosaic Co,0.02%,3.9M,$117.2M
NWSA,News Corp Class A,0.02%,4.5M,$109.1M
HSIC,Henry Schein Inc,0.02%,1.5M,$108.8M
SOLV,Solventum Corp,0.02%,1.6M,$101.1M
TFX,Teleflex Inc,0.02%,557.9K,$116.2M
TPR,Tapestry Inc,0.02%,2.7M,$109.9M
REG,Regency Centers Corp,0.02%,2.0M,$111.7M
RHI,Robert Half Inc,0.02%,1.3M,$86.9M
PAYC,Paycom Software Inc,0.02%,577.2K,$107.9M
PNW,Pinnacle West Capital Corp,0.02%,1.3M,$95.7M
IVZ,Invesco Ltd,0.02%,5.3M,$81.4M
NCLH,Norwegian Cruise Line Holdings Ltd,0.02%,4.9M,$88.6M
WYNN,Wynn Resorts Ltd,0.02%,1.1M,$110.8M
UHS,Universal Health Services Inc Class B,0.02%,722.3K,$115.6M
FOXA,Fox Corp Class A,0.02%,2.9M,$89.1M
FMC,FMC Corp,0.02%,1.5M,$83.5M
FRT,Federal Realty Investment Trust,0.02%,869.0K,$84.3M
BEN,Franklin Resources Inc,0.02%,3.3M,$82.9M
GNRC,Generac Holdings Inc,0.02%,727.3K,$94.7M
ETSY,Etsy Inc,0.02%,1.4M,$95.7M
HAS,Hasbro Inc,0.02%,1.5M,$82.8M
HRL,Hormel Foods Corp,0.02%,3.4M,$116.6M
INCY,Incyte Corp,0.02%,2.2M,$116.2M
CMA,Comerica Inc,0.02%,1.6M,$77.6M
DVA,DaVita Inc,0.02%,638.9K,$81.6M
CTLT,Catalent Inc,0.02%,2.1M,$119.8M
DAY,Dayforce Inc,0.02%,1.8M,$111.3M
CHRW,C.H. Robinson Worldwide Inc,0.02%,1.4M,$95.0M
BF/B,Brown-Forman Corp Registered Shs -B- Non...,0.02%,2.1M,$105.3M
CZR,Caesars Entertainment Inc,0.02%,2.5M,$97.0M
CPT,Camden Property Trust,0.02%,1.3M,$120.7M
CPB,Campbell Soup Co,0.02%,2.3M,$101.1M
AAL,American Airlines Group Inc,0.02%,7.7M,$107.5M
BBWI,Bath & Body Works Inc,0.02%,2.7M,$116.5M
BWA,BorgWarner Inc,0.02%,2.8M,$88.8M
BXP,Boston Properties Inc,0.02%,1.7M,$96.7M
TECH,Bio-Techne Corp,0.02%,1.9M,$117.3M
APA,APA Corp,0.02%,3.6M,$117.0M
AIZ,Assurant Inc,0.02%,622.6K,$105.9M
BIO,Bio-Rad Laboratories Inc Class A,0.01%,247.3K,$71.9M
GL,Globe Life Inc,0.01%,1.0M,$64.1M
FOX,Fox Corp Class B,0.01%,1.6M,$43.8M
PARA,Paramount Global Class B,0.01%,5.7M,$61.8M
RL,Ralph Lauren Corp Class A,0.01%,470.3K,$74.9M
NWS,News Corp Class B,0.01%,1.4M,$34.2M
MHK,Mohawk Industries Inc,0.01%,608.1K,$65.8M
